date,host,instance,value
2022-02-20 16:53:00+00:00,10.95.161.205,sda2,0.0
2022-02-20 16:53:00+00:00,10.95.161.206,sda2,0.0
2022-02-20 16:53:00+00:00,10.95.161.207,sda2,0.0
2022-02-20 16:53:00+00:00,10.95.161.208,sda2,0.0
2022-02-20 16:53:00+00:00,10.95.161.209,sda2,0.0
2022-02-20 16:54:00+00:00,10.95.161.205,sda2,0.0
2022-02-20 16:54:00+00:00,10.95.161.206,sda2,0.0
2022-02-20 16:54:00+00:00,10.95.161.207,sda2,0.0
2022-02-20 16:54:00+00:00,10.95.161.208,sda2,0.0
2022-02-20 16:54:00+00:00,10.95.161.209,sda2,0.0
2022-02-20 16:55:00+00:00,10.95.161.205,sda2,0.0
2022-02-20 16:55:00+00:00,10.95.161.206,sda2,0.0
2022-02-20 16:55:00+00:00,10.95.161.207,sda2,0.0
2022-02-20 16:55:00+00:00,10.95.161.208,sda2,0.0
2022-02-20 16:55:00+00:00,10.95.161.209,sda2,0.0
2022-02-20 16:56:00+00:00,10.95.161.205,sda2,0.0
2022-02-20 16:56:00+00:00,10.95.161.206,sda2,0.0
2022-02-20 16:56:00+00:00,10.95.161.207,sda2,0.0
2022-02-20 16:56:00+00:00,10.95.161.208,sda2,0.0
2022-02-20 16:56:00+00:00,10.95.161.209,sda2,0.0
2022-02-20 16:57:00+00:00,10.95.161.205,sda2,0.0
2022-02-20 16:57:00+00:00,10.95.161.206,sda2,0.0
2022-02-20 16:57:00+00:00,10.95.161.207,sda2,0.0
2022-02-20 16:57:00+00:00,10.95.161.208,sda2,0.0
2022-02-20 16:57:00+00:00,10.95.161.209,sda2,0.0
2022-02-20 16:58:00+00:00,10.95.161.205,sda2,0.0
2022-02-20 16:58:00+00:00,10.95.161.206,sda2,0.0
2022-02-20 16:58:00+00:00,10.95.161.207,sda2,0.0
2022-02-20 16:58:00+00:00,10.95.161.208,sda2,0.0
2022-02-20 16:58:00+00:00,10.95.161.209,sda2,0.0
2022-02-20 16:59:00+00:00,10.95.161.205,sda2,0.0
2022-02-20 16:59:00+00:00,10.95.161.206,sda2,0.0
2022-02-20 16:59:00+00:00,10.95.161.207,sda2,0.0
2022-02-20 16:59:00+00:00,10.95.161.208,sda2,0.0
2022-02-20 16:59:00+00:00,10.95.161.209,sda2,0.0
2022-02-20 17:00:00+00:00,10.95.161.205,sda2,0.0
2022-02-20 17:00:00+00:00,10.95.161.206,sda2,0.0
2022-02-20 17:00:00+00:00,10.95.161.207,sda2,0.0
2022-02-20 17:00:00+00:00,10.95.161.208,sda2,0.0
2022-02-20 17:00:00+00:00,10.95.161.209,sda2,0.0
2022-02-20 17:01:00+00:00,10.95.161.205,sda2,0.0
2022-02-20 17:01:00+00:00,10.95.161.206,sda2,0.0
2022-02-20 17:01:00+00:00,10.95.161.207,sda2,0.0
2022-02-20 17:01:00+00:00,10.95.161.208,sda2,0.0
2022-02-20 17:01:00+00:00,10.95.161.209,sda2,0.0
2022-02-20 17:02:00+00:00,10.95.161.205,sda2,0.0
2022-02-20 17:02:00+00:00,10.95.161.206,sda2,0.0
2022-02-20 17:02:00+00:00,10.95.161.207,sda2,0.0
2022-02-20 17:02:00+00:00,10.95.161.208,sda2,0.0
2022-02-20 17:02:00+00:00,10.95.161.209,sda2,0.0
2022-02-20 17:03:00+00:00,10.95.161.205,sda2,0.0
2022-02-20 17:03:00+00:00,10.95.161.206,sda2,0.0
2022-02-20 17:03:00+00:00,10.95.161.207,sda2,0.0
2022-02-20 17:03:00+00:00,10.95.161.208,sda2,0.0
2022-02-20 17:03:00+00:00,10.95.161.209,sda2,0.0
2022-02-20 17:04:00+00:00,10.95.161.205,sda2,0.0
2022-02-20 17:04:00+00:00,10.95.161.206,sda2,0.0
2022-02-20 17:04:00+00:00,10.95.161.207,sda2,0.0
2022-02-20 17:04:00+00:00,10.95.161.208,sda2,0.0
2022-02-20 17:04:00+00:00,10.95.161.209,sda2,0.0
2022-02-20 17:05:00+00:00,10.95.161.205,sda2,0.0
2022-02-20 17:05:00+00:00,10.95.161.206,sda2,0.0
2022-02-20 17:05:00+00:00,10.95.161.207,sda2,0.0
2022-02-20 17:05:00+00:00,10.95.161.208,sda2,0.0
2022-02-20 17:05:00+00:00,10.95.161.209,sda2,0.0
2022-02-20 17:06:00+00:00,10.95.161.205,sda2,0.0
2022-02-20 17:06:00+00:00,10.95.161.206,sda2,0.0
2022-02-20 17:06:00+00:00,10.95.161.207,sda2,0.0
2022-02-20 17:06:00+00:00,10.95.161.208,sda2,0.0
2022-02-20 17:06:00+00:00,10.95.161.209,sda2,0.0
2022-02-20 17:07:00+00:00,10.95.161.205,sda2,0.0
2022-02-20 17:07:00+00:00,10.95.161.206,sda2,0.0
2022-02-20 17:07:00+00:00,10.95.161.207,sda2,0.0
2022-02-20 17:07:00+00:00,10.95.161.208,sda2,0.0
2022-02-20 17:07:00+00:00,10.95.161.209,sda2,0.0
2022-02-20 17:08:00+00:00,10.95.161.205,sda2,0.0
2022-02-20 17:08:00+00:00,10.95.161.206,sda2,0.0
2022-02-20 17:08:00+00:00,10.95.161.207,sda2,0.0
2022-02-20 17:08:00+00:00,10.95.161.208,sda2,0.0
2022-02-20 17:08:00+00:00,10.95.161.209,sda2,0.0
2022-02-20 17:09:00+00:00,10.95.161.205,sda2,0.0
2022-02-20 17:09:00+00:00,10.95.161.206,sda2,0.0
2022-02-20 17:09:00+00:00,10.95.161.207,sda2,0.0
2022-02-20 17:09:00+00:00,10.95.161.208,sda2,0.0
2022-02-20 17:09:00+00:00,10.95.161.209,sda2,0.0
2022-02-20 17:10:00+00:00,10.95.161.205,sda2,0.0
2022-02-20 17:10:00+00:00,10.95.161.206,sda2,0.0
2022-02-20 17:10:00+00:00,10.95.161.207,sda2,0.0
2022-02-20 17:10:00+00:00,10.95.161.208,sda2,0.0
2022-02-20 17:10:00+00:00,10.95.161.209,sda2,0.0
2022-02-20 17:11:00+00:00,10.95.161.205,sda2,0.0
2022-02-20 17:11:00+00:00,10.95.161.206,sda2,0.0
2022-02-20 17:11:00+00:00,10.95.161.207,sda2,0.0
2022-02-20 17:11:00+00:00,10.95.161.208,sda2,0.0
2022-02-20 17:11:00+00:00,10.95.161.209,sda2,0.0
2022-02-20 17:12:00+00:00,10.95.161.205,sda2,0.0
2022-02-20 17:12:00+00:00,10.95.161.206,sda2,0.0
2022-02-20 17:12:00+00:00,10.95.161.207,sda2,0.0
2022-02-20 17:12:00+00:00,10.95.161.208,sda2,0.0
2022-02-20 17:12:00+00:00,10.95.161.209,sda2,0.0
2022-02-20 17:13:00+00:00,10.95.161.205,sda2,0.0
2022-02-20 17:13:00+00:00,10.95.161.206,sda2,0.0
2022-02-20 17:13:00+00:00,10.95.161.207,sda2,0.0
2022-02-20 17:13:00+00:00,10.95.161.208,sda2,0.0
2022-02-20 17:13:00+00:00,10.95.161.209,sda2,0.0
2022-02-20 17:14:00+00:00,10.95.161.205,sda2,0.0
2022-02-20 17:14:00+00:00,10.95.161.206,sda2,0.0
2022-02-20 17:14:00+00:00,10.95.161.207,sda2,0.0
2022-02-20 17:14:00+00:00,10.95.161.208,sda2,0.0
2022-02-20 17:14:00+00:00,10.95.161.209,sda2,0.0
2022-02-20 17:15:00+00:00,10.95.161.205,sda2,0.0
2022-02-20 17:15:00+00:00,10.95.161.206,sda2,0.0
2022-02-20 17:15:00+00:00,10.95.161.207,sda2,0.0
2022-02-20 17:15:00+00:00,10.95.161.208,sda2,0.0
2022-02-20 17:15:00+00:00,10.95.161.209,sda2,0.0
2022-02-20 17:16:00+00:00,10.95.161.205,sda2,0.0
2022-02-20 17:16:00+00:00,10.95.161.206,sda2,0.0
2022-02-20 17:16:00+00:00,10.95.161.207,sda2,0.0
2022-02-20 17:16:00+00:00,10.95.161.208,sda2,0.0
2022-02-20 17:16:00+00:00,10.95.161.209,sda2,0.0
2022-02-20 17:17:00+00:00,10.95.161.205,sda2,0.0
2022-02-20 17:17:00+00:00,10.95.161.206,sda2,0.0
2022-02-20 17:17:00+00:00,10.95.161.207,sda2,0.0
2022-02-20 17:17:00+00:00,10.95.161.208,sda2,0.0
2022-02-20 17:17:00+00:00,10.95.161.209,sda2,0.0
2022-02-20 17:18:00+00:00,10.95.161.205,sda2,0.0
2022-02-20 17:18:00+00:00,10.95.161.206,sda2,0.0
2022-02-20 17:18:00+00:00,10.95.161.207,sda2,0.0
2022-02-20 17:18:00+00:00,10.95.161.208,sda2,0.0
2022-02-20 17:18:00+00:00,10.95.161.209,sda2,0.0
2022-02-20 17:19:00+00:00,10.95.161.205,sda2,0.0
2022-02-20 17:19:00+00:00,10.95.161.206,sda2,0.0
2022-02-20 17:19:00+00:00,10.95.161.207,sda2,0.0
2022-02-20 17:19:00+00:00,10.95.161.208,sda2,0.0
2022-02-20 17:19:00+00:00,10.95.161.209,sda2,0.0
2022-02-20 17:20:00+00:00,10.95.161.205,sda2,0.0
2022-02-20 17:20:00+00:00,10.95.161.206,sda2,0.0
2022-02-20 17:20:00+00:00,10.95.161.207,sda2,0.0
2022-02-20 17:20:00+00:00,10.95.161.208,sda2,0.0
2022-02-20 17:20:00+00:00,10.95.161.209,sda2,0.0
2022-02-20 17:21:00+00:00,10.95.161.205,sda2,0.0
2022-02-20 17:21:00+00:00,10.95.161.206,sda2,0.0
2022-02-20 17:21:00+00:00,10.95.161.207,sda2,0.0
2022-02-20 17:21:00+00:00,10.95.161.208,sda2,0.0
2022-02-20 17:21:00+00:00,10.95.161.209,sda2,0.0
2022-02-20 17:22:00+00:00,10.95.161.205,sda2,0.0
2022-02-20 17:22:00+00:00,10.95.161.206,sda2,0.0
2022-02-20 17:22:00+00:00,10.95.161.207,sda2,0.0
2022-02-20 17:22:00+00:00,10.95.161.208,sda2,0.0
2022-02-20 17:22:00+00:00,10.95.161.209,sda2,0.0
2022-02-20 17:23:00+00:00,10.95.161.205,sda2,0.0
2022-02-20 17:23:00+00:00,10.95.161.206,sda2,0.0
2022-02-20 17:23:00+00:00,10.95.161.207,sda2,0.0
2022-02-20 17:23:00+00:00,10.95.161.208,sda2,0.0
2022-02-20 17:23:00+00:00,10.95.161.209,sda2,0.0
2022-02-20 17:24:00+00:00,10.95.161.205,sda2,0.0
2022-02-20 17:24:00+00:00,10.95.161.206,sda2,0.0
2022-02-20 17:24:00+00:00,10.95.161.207,sda2,0.0
2022-02-20 17:24:00+00:00,10.95.161.208,sda2,0.0
2022-02-20 17:24:00+00:00,10.95.161.209,sda2,0.0
2022-02-20 17:25:00+00:00,10.95.161.205,sda2,0.0
2022-02-20 17:25:00+00:00,10.95.161.206,sda2,0.0
2022-02-20 17:25:00+00:00,10.95.161.207,sda2,0.0
2022-02-20 17:25:00+00:00,10.95.161.208,sda2,0.0
2022-02-20 17:25:00+00:00,10.95.161.209,sda2,0.0
2022-02-20 17:26:00+00:00,10.95.161.205,sda2,0.0
2022-02-20 17:26:00+00:00,10.95.161.206,sda2,0.0
2022-02-20 17:26:00+00:00,10.95.161.207,sda2,0.0
2022-02-20 17:26:00+00:00,10.95.161.208,sda2,0.0
2022-02-20 17:26:00+00:00,10.95.161.209,sda2,0.0
2022-02-20 17:27:00+00:00,10.95.161.205,sda2,0.0
2022-02-20 17:27:00+00:00,10.95.161.206,sda2,0.0
2022-02-20 17:27:00+00:00,10.95.161.207,sda2,0.0
2022-02-20 17:27:00+00:00,10.95.161.208,sda2,0.0
2022-02-20 17:27:00+00:00,10.95.161.209,sda2,0.0
2022-02-20 17:28:00+00:00,10.95.161.205,sda2,0.0
2022-02-20 17:28:00+00:00,10.95.161.206,sda2,0.0
2022-02-20 17:28:00+00:00,10.95.161.207,sda2,0.0
2022-02-20 17:28:00+00:00,10.95.161.208,sda2,0.0
2022-02-20 17:28:00+00:00,10.95.161.209,sda2,0.0
2022-02-20 17:29:00+00:00,10.95.161.205,sda2,0.0
2022-02-20 17:29:00+00:00,10.95.161.206,sda2,0.0
2022-02-20 17:29:00+00:00,10.95.161.207,sda2,0.0
2022-02-20 17:29:00+00:00,10.95.161.208,sda2,0.0
2022-02-20 17:29:00+00:00,10.95.161.209,sda2,0.0
2022-02-20 17:30:00+00:00,10.95.161.205,sda2,0.0
2022-02-20 17:30:00+00:00,10.95.161.206,sda2,0.0
2022-02-20 17:30:00+00:00,10.95.161.207,sda2,0.0
2022-02-20 17:30:00+00:00,10.95.161.208,sda2,0.0
2022-02-20 17:30:00+00:00,10.95.161.209,sda2,0.0
2022-02-20 17:31:00+00:00,10.95.161.205,sda2,0.0
2022-02-20 17:31:00+00:00,10.95.161.206,sda2,0.0
2022-02-20 17:31:00+00:00,10.95.161.207,sda2,0.0
2022-02-20 17:31:00+00:00,10.95.161.208,sda2,0.0
2022-02-20 17:31:00+00:00,10.95.161.209,sda2,0.0
2022-02-20 17:32:00+00:00,10.95.161.205,sda2,0.0
2022-02-20 17:32:00+00:00,10.95.161.206,sda2,0.0
2022-02-20 17:32:00+00:00,10.95.161.207,sda2,0.0
2022-02-20 17:32:00+00:00,10.95.161.208,sda2,0.0
2022-02-20 17:32:00+00:00,10.95.161.209,sda2,0.0
2022-02-20 17:33:00+00:00,10.95.161.205,sda2,0.0
2022-02-20 17:33:00+00:00,10.95.161.206,sda2,0.0
2022-02-20 17:33:00+00:00,10.95.161.207,sda2,0.0
2022-02-20 17:33:00+00:00,10.95.161.208,sda2,0.0
2022-02-20 17:33:00+00:00,10.95.161.209,sda2,0.0
2022-02-20 17:34:00+00:00,10.95.161.205,sda2,0.0
2022-02-20 17:34:00+00:00,10.95.161.206,sda2,0.0
2022-02-20 17:34:00+00:00,10.95.161.207,sda2,0.0
2022-02-20 17:34:00+00:00,10.95.161.208,sda2,0.0
2022-02-20 17:34:00+00:00,10.95.161.209,sda2,0.0
2022-02-20 17:35:00+00:00,10.95.161.205,sda2,0.0
2022-02-20 17:35:00+00:00,10.95.161.206,sda2,0.0
2022-02-20 17:35:00+00:00,10.95.161.207,sda2,0.0
2022-02-20 17:35:00+00:00,10.95.161.208,sda2,0.0
2022-02-20 17:35:00+00:00,10.95.161.209,sda2,0.0
2022-02-20 17:36:00+00:00,10.95.161.205,sda2,0.0
2022-02-20 17:36:00+00:00,10.95.161.206,sda2,0.0
2022-02-20 17:36:00+00:00,10.95.161.207,sda2,0.0
2022-02-20 17:36:00+00:00,10.95.161.208,sda2,0.0
2022-02-20 17:36:00+00:00,10.95.161.209,sda2,0.0
2022-02-20 17:37:00+00:00,10.95.161.205,sda2,0.0
2022-02-20 17:37:00+00:00,10.95.161.206,sda2,0.0
2022-02-20 17:37:00+00:00,10.95.161.207,sda2,0.0
2022-02-20 17:37:00+00:00,10.95.161.208,sda2,0.0
2022-02-20 17:37:00+00:00,10.95.161.209,sda2,0.0
2022-02-20 17:38:00+00:00,10.95.161.205,sda2,0.0
2022-02-20 17:38:00+00:00,10.95.161.206,sda2,0.0
2022-02-20 17:38:00+00:00,10.95.161.207,sda2,0.0
2022-02-20 17:38:00+00:00,10.95.161.208,sda2,0.0
2022-02-20 17:38:00+00:00,10.95.161.209,sda2,0.0
2022-02-20 17:39:00+00:00,10.95.161.205,sda2,0.0
2022-02-20 17:39:00+00:00,10.95.161.206,sda2,0.0
2022-02-20 17:39:00+00:00,10.95.161.207,sda2,0.0
2022-02-20 17:39:00+00:00,10.95.161.208,sda2,0.0
2022-02-20 17:39:00+00:00,10.95.161.209,sda2,0.0
2022-02-20 17:40:00+00:00,10.95.161.205,sda2,0.0
2022-02-20 17:40:00+00:00,10.95.161.206,sda2,0.0
2022-02-20 17:40:00+00:00,10.95.161.207,sda2,0.0
2022-02-20 17:40:00+00:00,10.95.161.208,sda2,0.0
2022-02-20 17:40:00+00:00,10.95.161.209,sda2,0.0
2022-02-20 17:41:00+00:00,10.95.161.205,sda2,0.0
2022-02-20 17:41:00+00:00,10.95.161.206,sda2,0.0
2022-02-20 17:41:00+00:00,10.95.161.207,sda2,0.0
2022-02-20 17:41:00+00:00,10.95.161.208,sda2,0.0
2022-02-20 17:41:00+00:00,10.95.161.209,sda2,0.0
2022-02-20 17:42:00+00:00,10.95.161.205,sda2,0.0
2022-02-20 17:42:00+00:00,10.95.161.206,sda2,0.0
2022-02-20 17:42:00+00:00,10.95.161.207,sda2,0.0
2022-02-20 17:42:00+00:00,10.95.161.208,sda2,0.0
2022-02-20 17:42:00+00:00,10.95.161.209,sda2,0.0
2022-02-20 17:43:00+00:00,10.95.161.205,sda2,0.0
2022-02-20 17:43:00+00:00,10.95.161.206,sda2,0.0
2022-02-20 17:43:00+00:00,10.95.161.207,sda2,0.0
2022-02-20 17:43:00+00:00,10.95.161.208,sda2,0.0
2022-02-20 17:43:00+00:00,10.95.161.209,sda2,0.0
2022-02-20 17:44:00+00:00,10.95.161.205,sda2,0.0
2022-02-20 17:44:00+00:00,10.95.161.206,sda2,0.0
2022-02-20 17:44:00+00:00,10.95.161.207,sda2,0.0
2022-02-20 17:44:00+00:00,10.95.161.208,sda2,0.0
2022-02-20 17:44:00+00:00,10.95.161.209,sda2,0.0
2022-02-20 17:45:00+00:00,10.95.161.205,sda2,0.0
2022-02-20 17:45:00+00:00,10.95.161.206,sda2,0.0
2022-02-20 17:45:00+00:00,10.95.161.207,sda2,0.0
2022-02-20 17:45:00+00:00,10.95.161.208,sda2,0.0
2022-02-20 17:45:00+00:00,10.95.161.209,sda2,0.0
2022-02-20 17:46:00+00:00,10.95.161.205,sda2,0.0
2022-02-20 17:46:00+00:00,10.95.161.206,sda2,0.0
2022-02-20 17:46:00+00:00,10.95.161.207,sda2,0.0
2022-02-20 17:46:00+00:00,10.95.161.208,sda2,0.0
2022-02-20 17:46:00+00:00,10.95.161.209,sda2,0.0
2022-02-20 17:47:00+00:00,10.95.161.205,sda2,0.0
2022-02-20 17:47:00+00:00,10.95.161.206,sda2,0.0
2022-02-20 17:47:00+00:00,10.95.161.207,sda2,0.0
2022-02-20 17:47:00+00:00,10.95.161.208,sda2,0.0
2022-02-20 17:47:00+00:00,10.95.161.209,sda2,0.0
2022-02-20 17:48:00+00:00,10.95.161.205,sda2,0.0
2022-02-20 17:48:00+00:00,10.95.161.206,sda2,0.0
2022-02-20 17:48:00+00:00,10.95.161.207,sda2,0.0
2022-02-20 17:48:00+00:00,10.95.161.208,sda2,0.0
2022-02-20 17:48:00+00:00,10.95.161.209,sda2,0.0
2022-02-20 17:49:00+00:00,10.95.161.205,sda2,0.0
2022-02-20 17:49:00+00:00,10.95.161.206,sda2,0.0
2022-02-20 17:49:00+00:00,10.95.161.207,sda2,0.0
2022-02-20 17:49:00+00:00,10.95.161.208,sda2,0.0
2022-02-20 17:49:00+00:00,10.95.161.209,sda2,0.0
2022-02-20 17:50:00+00:00,10.95.161.205,sda2,0.0
2022-02-20 17:50:00+00:00,10.95.161.206,sda2,0.0
2022-02-20 17:50:00+00:00,10.95.161.207,sda2,0.0
2022-02-20 17:50:00+00:00,10.95.161.208,sda2,0.0
2022-02-20 17:50:00+00:00,10.95.161.209,sda2,0.0
2022-02-20 17:51:00+00:00,10.95.161.205,sda2,0.0
2022-02-20 17:51:00+00:00,10.95.161.206,sda2,0.0
2022-02-20 17:51:00+00:00,10.95.161.207,sda2,0.0
2022-02-20 17:51:00+00:00,10.95.161.208,sda2,0.0
2022-02-20 17:51:00+00:00,10.95.161.209,sda2,0.0
2022-02-20 17:52:00+00:00,10.95.161.205,sda2,0.0
2022-02-20 17:52:00+00:00,10.95.161.206,sda2,0.0
2022-02-20 17:52:00+00:00,10.95.161.207,sda2,0.0
2022-02-20 17:52:00+00:00,10.95.161.208,sda2,0.0
2022-02-20 17:52:00+00:00,10.95.161.209,sda2,0.0
2022-02-20 17:53:00+00:00,10.95.161.205,sda2,0.0
2022-02-20 17:53:00+00:00,10.95.161.206,sda2,0.0
2022-02-20 17:53:00+00:00,10.95.161.207,sda2,0.0
2022-02-20 17:53:00+00:00,10.95.161.208,sda2,0.0
2022-02-20 17:53:00+00:00,10.95.161.209,sda2,0.0
